frame,x,y,z,xr,yr,zr
1,-4.50191,-1.82681,2.1248,90,0,173.493
2,-2.85593,-1.1938,2.1248,90,0,167.032
3,-5.8831,-0.588361,2.1248,90,0,179.848
4,-1.00492,-3.1998,2.1248,90,0,101.552
5,-0.752653,-5.31882,2.1248,90,0,94.7091
6,-4.50298,-0.525799,2.1248,90,0,173.932